city,section,key,value,note
巴黎,daily_budget,低,500,
巴黎,daily_budget,中,1200,
巴黎,daily_budget,高,3500,
巴黎,restaurants,低,小酒馆,
巴黎,restaurants,低,面包房早餐,
巴黎,restaurants,低,午市特价套餐,
巴黎,restaurants,中,法式小餐馆,
巴黎,restaurants,中,特色餐厅,
巴黎,restaurants,高,米其林餐厅,
巴黎,restaurants,高,豪华酒店餐厅,
巴黎,attractions,culture,卢浮宫,
巴黎,attractions,culture,奥赛博物馆,
巴黎,attractions,culture,凯旋门,
巴黎,attractions,culture,蒙马特高地,
巴黎,attractions,culture,蓬皮杜艺术中心,
巴黎,attractions,nature,塞纳河畔,
巴黎,attractions,nature,凡尔赛花园,
巴黎,attractions,nature,卢森堡公园,
巴黎,attractions,nature,布洛涅森林,
巴黎,attractions,food,塞纳河餐厅,
巴黎,attractions,food,蒙马特咖啡馆,
巴黎,attractions,food,马卡龙工坊,
巴黎,attractions,food,圣日耳曼德佩市集,
巴黎,attractions,shopping,香榭丽舍大街,
巴黎,attractions,shopping,老佛爷百货,
巴黎,attractions,shopping,玛莱区精品店,
巴黎,attractions,shopping,蚤市,
巴黎,attractions,history,凡尔赛宫,
巴黎,attractions,history,巴黎圣母院,
巴黎,attractions,history,荣军院,
巴黎,attractions,history,巴士底广场,
巴黎,attractions,nightlife,玛莱区酒吧,
巴黎,attractions,nightlife,拉丁区夜生活,
巴黎,attractions,nightlife,塞纳河游船夜景,
巴黎,transport,transport,地铁（Métro）交通便利，推荐购买 Navigo 周票,
巴黎,tips,tip,博物馆周日部分免费,
巴黎,tips,tip,景点提前网上预约省时间,
东京,daily_budget,低,400,
东京,daily_budget,中,900,
东京,daily_budget,高,2800,
东京,restaurants,低,便利店美食,
东京,restaurants,低,拉面店,
东京,restaurants,低,牛丼连锁,
东京,restaurants,中,居酒屋,
东京,restaurants,中,回转寿司,
东京,restaurants,中,烧肉,
东京,restaurants,高,高级料亭,
东京,restaurants,高,米其林餐厅,
东京,restaurants,高,天妇罗老店,
东京,attractions,culture,浅草寺,
东京,attractions,culture,皇居,
东京,attractions,culture,东京国立博物馆,
东京,attractions,culture,teamLab 数字艺术馆,
东京,attractions,nature,上野公园,
东京,attractions,nature,新宿御苑,
东京,attractions,nature,隅田川,
东京,attractions,nature,高尾山,
东京,attractions,food,筑地市场,
东京,attractions,food,寿司吧,
东京,attractions,food,拉面街,
东京,attractions,food,新宿御苑附近居酒屋,
东京,attractions,shopping,涩谷109,
东京,attractions,shopping,银座,
东京,attractions,shopping,秋叶原,
东京,attractions,shopping,原宿竹下通,
东京,attractions,history,明治神宫,
东京,attractions,history,增上寺,
东京,attractions,history,江户东京博物馆,
东京,attractions,nightlife,新宿歌舞伎町,
东京,attractions,nightlife,六本木夜生活,
东京,attractions,nightlife,浅草花屋敷,
东京,transport,transport,地铁+JR线全面覆盖，推荐 Suica 卡,
东京,tips,tip,购买 24/48/72h 地铁通票划算,
东京,tips,tip,便利店是日本饮食体验的一部分,
纽约,daily_budget,低,550,
纽约,daily_budget,中,1300,
纽约,daily_budget,高,3800,
纽约,restaurants,低,街头热狗,
纽约,restaurants,低,披萨切片,
纽约,restaurants,低,唐人街平价,
纽约,restaurants,中,美式餐馆,
纽约,restaurants,中,布鲁克林咖啡馆,
纽约,restaurants,高,米其林餐厅,
纽约,restaurants,高,高端牛排馆,
纽约,attractions,culture,大都会博物馆,
纽约,attractions,culture,现代艺术博物馆（MoMA）,
纽约,attractions,culture,百老汇,
纽约,attractions,culture,古根海姆博物馆,
纽约,attractions,nature,中央公园,
纽约,attractions,nature,高线公园,
纽约,attractions,nature,布鲁克林大桥公园,
纽约,attractions,food,切尔西市场,
纽约,attractions,food,法拉盛美食,
纽约,attractions,food,小意大利餐厅,
纽约,attractions,food,布鲁克林美食街,
纽约,attractions,shopping,第五大道,
纽约,attractions,shopping,苏豪区,
纽约,attractions,shopping,时代广场,
纽约,attractions,shopping,布鲁克林跳蚤市场,
纽约,attractions,history,自由女神像,
纽约,attractions,history,帝国大厦,
纽约,attractions,history,9/11纪念馆,
纽约,attractions,nightlife,哈莱姆爵士乐,
纽约,attractions,nightlife,布鲁克林酒吧,
纽约,attractions,nightlife,屋顶酒吧夜景,
纽约,transport,transport,地铁24小时运营，推荐购买多次卡,
纽约,tips,tip,许多博物馆支持自愿定价,
纽约,tips,tip,百老汇可当天购折扣票（TKTS亭）,
伦敦,daily_budget,低,520,
伦敦,daily_budget,中,1200,
伦敦,daily_budget,高,3500,
伦敦,restaurants,低,Fish and Chips,
伦敦,restaurants,低,酒吧午餐,
伦敦,restaurants,低,超市三明治,
伦敦,restaurants,中,多元文化餐厅,
伦敦,restaurants,中,英式下午茶（茶馆）,
伦敦,restaurants,高,米其林餐厅,
伦敦,restaurants,高,高级酒店下午茶,
伦敦,attractions,culture,大英博物馆,
伦敦,attractions,culture,国家美术馆,
伦敦,attractions,culture,泰特现代美术馆,
伦敦,attractions,culture,维多利亚与艾伯特博物馆,
伦敦,attractions,nature,海德公园,
伦敦,attractions,nature,摄政公园,
伦敦,attractions,nature,肯辛顿花园,
伦敦,attractions,food,博罗市场,
伦敦,attractions,food,布里克巷美食街,
伦敦,attractions,food,科芬园,
伦敦,attractions,shopping,牛津街,
伦敦,attractions,shopping,摄政街,
伦敦,attractions,shopping,哈罗德百货,
伦敦,attractions,shopping,波多贝罗路市集,
伦敦,attractions,history,大本钟,
伦敦,attractions,history,伦敦塔,
伦敦,attractions,history,威斯敏斯特教堂,
伦敦,attractions,history,格林尼治天文台,
伦敦,attractions,nightlife,索霍区酒吧,
伦敦,attractions,nightlife,肖尔迪奇艺术夜生活,
伦敦,attractions,nightlife,爵士乐俱乐部,
伦敦,transport,transport,地铁（The Tube）覆盖全市，牡蛎卡（Oyster）最便宜,
伦敦,tips,tip,大英博物馆、国家美术馆均免费,
伦敦,tips,tip,Oyster 卡有每日封顶限额,
罗马,daily_budget,低,450,
罗马,daily_budget,中,1000,
罗马,daily_budget,高,3000,
罗马,restaurants,低,街头披萨,
罗马,restaurants,低,小酒馆（Trattoria）,
罗马,restaurants,中,传统意式餐厅,
罗马,restaurants,中,特色小馆,
罗马,restaurants,高,高级餐厅,
罗马,restaurants,高,景观餐厅,
罗马,attractions,culture,梵蒂冈博物馆,
罗马,attractions,culture,西斯廷教堂,
罗马,attractions,culture,波各赛美术馆,
罗马,attractions,nature,博格赛别墅花园,
罗马,attractions,nature,台伯河畔,
罗马,attractions,nature,阿皮亚古道,
罗马,attractions,food,特莱维许愿池附近餐厅,
罗马,attractions,food,Campo de' Fiori 早市,
罗马,attractions,food,传统意式餐厅,
罗马,attractions,shopping,西班牙广场,
罗马,attractions,shopping,Via del Corso,
罗马,attractions,shopping,特斯塔奇奥市场,
罗马,attractions,history,罗马斗兽场,
罗马,attractions,history,古罗马广场,
罗马,attractions,history,万神殿,
罗马,attractions,history,卡拉卡拉浴场,
罗马,attractions,nightlife,特拉斯提弗列夜生活,
罗马,attractions,nightlife,纳沃纳广场酒吧,
罗马,transport,transport,公交+地铁，步行也可游览大部分景点,
罗马,tips,tip,梵蒂冈博物馆务必提前网上预约,
罗马,tips,tip,罗马通行证可省门票费,
悉尼,daily_budget,低,450,
悉尼,daily_budget,中,1000,
悉尼,daily_budget,高,3000,
悉尼,restaurants,低,食品市场,
悉尼,restaurants,低,咖啡馆,
悉尼,restaurants,中,海鲜餐厅,
悉尼,restaurants,中,现代澳式料理,
悉尼,restaurants,高,港湾景观餐厅,
悉尼,restaurants,高,高端主厨料理,
悉尼,attractions,culture,悉尼歌剧院,
悉尼,attractions,culture,新南威尔士州立美术馆,
悉尼,attractions,culture,达令港,
悉尼,attractions,nature,邦迪海滩,
悉尼,attractions,nature,皇家植物园,
悉尼,attractions,nature,蓝山国家公园,
悉尼,attractions,food,岩石区海鲜市场,
悉尼,attractions,food,萨里山咖啡街,
悉尼,attractions,food,帕迪斯市场,
悉尼,attractions,shopping,皇后维多利亚大厦（QVB）,
悉尼,attractions,shopping,皮特街购物中心,
悉尼,attractions,shopping,纽曼购物中心,
悉尼,attractions,history,悉尼海港大桥,
悉尼,attractions,history,岩石区殖民历史,
悉尼,attractions,history,悉尼天文台,
悉尼,attractions,nightlife,国王十字区夜生活,
悉尼,attractions,nightlife,纽顿酒吧街,
悉尼,attractions,nightlife,悉尼港夜景游轮,
悉尼,transport,transport,公交+火车+轮渡，Opal 卡通用,
悉尼,tips,tip,Bondi to Coogee 海滨步道免费且景色绝美,
悉尼,tips,tip,悉尼歌剧院导览需提前预约,
巴塞罗那,daily_budget,低,380,
巴塞罗那,daily_budget,中,850,
巴塞罗那,daily_budget,高,2600,
巴塞罗那,restaurants,低,Bocadillo 三明治,
巴塞罗那,restaurants,低,塔帕斯小吃,
巴塞罗那,restaurants,中,特色菜馆,
巴塞罗那,restaurants,中,海鲜饭餐厅,
巴塞罗那,restaurants,高,米其林餐厅,
巴塞罗那,restaurants,高,港口景观餐厅,
巴塞罗那,attractions,culture,圣家堂,
巴塞罗那,attractions,culture,毕加索博物馆,
巴塞罗那,attractions,culture,米罗基金会美术馆,
巴塞罗那,attractions,nature,蒙特惠奇山,
巴塞罗那,attractions,nature,海滨大道（Barceloneta）,
巴塞罗那,attractions,nature,帕劳雷亚尔公园,
巴塞罗那,attractions,food,博盖利亚市场,
巴塞罗那,attractions,food,El Born 美食街,
巴塞罗那,attractions,food,格拉西亚街区小馆,
巴塞罗那,attractions,shopping,格拉西亚大道奢侈品,
巴塞罗那,attractions,shopping,波恩区设计品店,
巴塞罗那,attractions,shopping,圣卡特里纳市场,
巴塞罗那,attractions,history,哥特区,
巴塞罗那,attractions,history,王广场,
巴塞罗那,attractions,history,圣佩雷德雷斯修道院,
巴塞罗那,attractions,nightlife,拉塞乌广场弗拉门戈,
巴塞罗那,attractions,nightlife,Port Olímpic 俱乐部区,
巴塞罗那,attractions,nightlife,Raval 区酒吧,
巴塞罗那,transport,transport,地铁+公交，推荐 T-Casual 多次票,
巴塞罗那,tips,tip,圣家堂必须网上提前购票,
巴塞罗那,tips,tip,午餐套餐（Menú del día）性价比极高,
曼谷,daily_budget,低,180,
曼谷,daily_budget,中,450,
曼谷,daily_budget,高,1500,
曼谷,restaurants,低,街头小吃,
曼谷,restaurants,低,路边摊泰式炒面,
曼谷,restaurants,中,空调餐厅,
曼谷,restaurants,中,河畔餐厅,
曼谷,restaurants,高,屋顶景观餐厅,
曼谷,restaurants,高,高端泰式料理,
曼谷,attractions,culture,大皇宫,
曼谷,attractions,culture,玉佛寺,
曼谷,attractions,culture,卧佛寺,
曼谷,attractions,culture,暹罗博物馆,
曼谷,attractions,nature,素万那普公园,
曼谷,attractions,nature,考艾国家公园（近郊）,
曼谷,attractions,nature,湄南河游船,
曼谷,attractions,food,考山路夜市,
曼谷,attractions,food,中国城街头美食,
曼谷,attractions,food,Or Tor Kor 市场,
曼谷,attractions,shopping,暹罗百丽宫,
曼谷,attractions,shopping,恰图恰周末市集,
曼谷,attractions,shopping,MBK 购物中心,
曼谷,attractions,history,大城府历史遗址,
曼谷,attractions,history,邦巴因夏宫,
曼谷,attractions,history,郑王庙,
曼谷,attractions,nightlife,Patpong 夜市,
曼谷,attractions,nightlife,RCA 俱乐部街,
曼谷,attractions,nightlife,考山路酒吧,
曼谷,transport,transport,BTS 轻轨+MRT 地铁+突突车，交通多样,
曼谷,tips,tip,参观寺庙需着长裤/长裙,
曼谷,tips,tip,Grab 打车比出租车便宜,
新加坡,daily_budget,低,380,
新加坡,daily_budget,中,900,
新加坡,daily_budget,高,2800,
新加坡,restaurants,低,小贩中心海南鸡饭,
新加坡,restaurants,低,椰浆饭,
新加坡,restaurants,低,肉骨茶,
新加坡,restaurants,中,珍宝海鲜辣椒螃蟹,
新加坡,restaurants,中,Jumbo Seafood,
新加坡,restaurants,中,328加东叻沙,
新加坡,restaurants,高,滨海湾金沙 CUT 牛排馆,
新加坡,restaurants,高,Odette 米其林三星,
新加坡,restaurants,高,焰餐厅（Waku Ghin）,
新加坡,attractions,culture,国家博物馆,
新加坡,attractions,culture,艺术科学博物馆,
新加坡,attractions,culture,滨海艺术中心,
新加坡,attractions,culture,新加坡美术馆,
新加坡,attractions,nature,滨海湾花园（擎天树林）,
新加坡,attractions,nature,圣淘沙岛海滩,
新加坡,attractions,nature,麦里芝蓄水池公园,
新加坡,attractions,nature,双溪布洛湿地保护区,
新加坡,attractions,food,老巴刹小贩中心,
新加坡,attractions,food,牛车水美食街,
新加坡,attractions,food,麦士威熟食中心,
新加坡,attractions,food,武吉知马美食广场,
新加坡,attractions,shopping,乌节路购物带,
新加坡,attractions,shopping,滨海湾金沙购物中心,
新加坡,attractions,shopping,克拉码头,
新加坡,attractions,shopping,义安城购物中心,
新加坡,attractions,history,莱佛士酒店,
新加坡,attractions,history,牛车水唐人街,
新加坡,attractions,history,小印度区,
新加坡,attractions,history,甘榜格南马来区,
新加坡,attractions,nightlife,克拉码头酒吧街,
新加坡,attractions,nightlife,滨海湾金沙屋顶无边泳池观景,
新加坡,attractions,nightlife,哈芝巷精酿酒吧,
新加坡,transport,transport,地铁（MRT）覆盖全岛，EZ-Link 卡通用公交地铁,
新加坡,tips,tip,小贩中心是新加坡饮食文化精髓，物美价廉,
新加坡,tips,tip,滨海湾花园光影秀每晚免费，建议提前占位,
首尔,daily_budget,低,280,
首尔,daily_budget,中,650,
首尔,daily_budget,高,2000,
首尔,restaurants,低,便利店套餐,
首尔,restaurants,低,街头辣炒年糕,
首尔,restaurants,低,순대国产血肠汤,
首尔,restaurants,中,三清洞韩定食,
首尔,restaurants,中,明洞烤肉,
首尔,restaurants,中,鸡肋年糕火锅,
首尔,restaurants,高,韩牛（韩国和牛）烤肉,
首尔,restaurants,高,Gaon 米其林三星,
首尔,restaurants,高,高档韩式料理（韩定食）,
首尔,attractions,culture,国立中央博物馆,
首尔,attractions,culture,国立现代美术馆,
首尔,attractions,culture,韩国民俗村,
首尔,attractions,culture,DDP 东大门设计广场,
首尔,attractions,nature,北汉山国立公园,
首尔,attractions,nature,汉江公园,
首尔,attractions,nature,南山公园N首尔塔,
首尔,attractions,nature,仁王山城郭路,
首尔,attractions,food,广藏市场,
首尔,attractions,food,东大门综合市场夜食,
首尔,attractions,food,弘大街头小吃,
首尔,attractions,food,鹰峰洞炸鸡一条街,
首尔,attractions,shopping,明洞购物街,
首尔,attractions,shopping,东大门DOOTA购物中心,
首尔,attractions,shopping,弘大街区,
首尔,attractions,shopping,狎鸥亭罗德奥街,
首尔,attractions,history,景福宫,
首尔,attractions,history,昌德宫秘苑,
首尔,attractions,history,北村韩屋村,
首尔,attractions,history,水原华城,
首尔,attractions,nightlife,弘大夜生活区,
首尔,attractions,nightlife,梨泰院国际酒吧街,
首尔,attractions,nightlife,江南清潭洞夜场,
首尔,transport,transport,地铁网络发达，T-Money 交通卡通用地铁公交,
首尔,tips,tip,景福宫穿韩服入场免费,
首尔,tips,tip,明洞化妆品店可砍价，多家比价再购买,
迪拜,daily_budget,低,450,
迪拜,daily_budget,中,1200,
迪拜,daily_budget,高,4000,
迪拜,restaurants,低,沙瓦尔马摊（Shawarma）,
迪拜,restaurants,低,Al Mallah 餐厅,
迪拜,restaurants,低,Ravi Restaurant,
迪拜,restaurants,中,海滨餐厅海鲜,
迪拜,restaurants,中,国际连锁餐厅,
迪拜,restaurants,中,黎巴嫩餐厅,
迪拜,restaurants,高,Nobu Dubai（棕榈岛）,
迪拜,restaurants,高,Pierchic（海上餐厅）,
迪拜,restaurants,高,Zuma（日式摩登料理）,
迪拜,attractions,culture,迪拜艺术区（Alserkal Avenue）,
迪拜,attractions,culture,阿联酋购物中心内部艺术装置,
迪拜,attractions,culture,迪拜设计区（d3）,
迪拜,attractions,culture,迪拜博物馆（Al Fahidi堡垒）,
迪拜,attractions,nature,朱美拉公共海滩,
迪拜,attractions,nature,迪拜沙漠保护区沙丘,
迪拜,attractions,nature,迪拜溪流红树林,
迪拜,attractions,nature,赫塔沙漠徒步,
迪拜,attractions,food,迪拜老城区香料市场,
迪拜,attractions,food,Ravi Restaurant（巴基斯坦菜）,
迪拜,attractions,food,Al Ustad Special Kabab,
迪拜,attractions,food,全球美食村（Global Village）,
迪拜,attractions,shopping,迪拜购物中心（Dubai Mall）,
迪拜,attractions,shopping,黄金市场（Gold Souk）,
迪拜,attractions,shopping,香料市场（Spice Souk）,
迪拜,attractions,shopping,Mall of the Emirates（含室内滑雪场）,
迪拜,attractions,history,阿法迪历史街区（Al Fahidi）,
迪拜,attractions,history,迪拜老城区Bastakiya,
迪拜,attractions,history,沙迦考古博物馆（近郊）,
迪拜,attractions,history,艾尔巴迪宫,
迪拜,attractions,nightlife,Burj Khalifa 128层酒吧At.mosphere,
迪拜,attractions,nightlife,JBR海滩酒吧街,
迪拜,attractions,nightlife,棕榈岛 Nobu 餐厅夜场,
迪拜,transport,transport,地铁红线/绿线覆盖主要景点，出租车/Careem（打车软件）便利,
迪拜,tips,tip,迪拜购物节（1月）和美食节折扣极大,
迪拜,tips,tip,进入清真寺需着装保守，女性需佩戴头巾,
阿姆斯特丹,daily_budget,低,520,
阿姆斯特丹,daily_budget,中,1100,
阿姆斯特丹,daily_budget,高,3200,
阿姆斯特丹,restaurants,低,Stroopwafel 街头华夫饼,
阿姆斯特丹,restaurants,低,荷式炸薯条（Vlaamse Frites）,
阿姆斯特丹,restaurants,低,超市熟食,
阿姆斯特丹,restaurants,中,运河餐厅,
阿姆斯特丹,restaurants,中,荷兰传统菜（Stamppot）,
阿姆斯特丹,restaurants,中,印尼料理（Rijsttafel）,
阿姆斯特丹,restaurants,高,Ciel Bleu 米其林二星,
阿姆斯特丹,restaurants,高,The Jane 高级料理,
阿姆斯特丹,restaurants,高,Restaurant Vinkeles,
阿姆斯特丹,attractions,culture,国立博物馆（Rijksmuseum）,
阿姆斯特丹,attractions,culture,梵高博物馆,
阿姆斯特丹,attractions,culture,市立现代艺术博物馆（Stedelijk）,
阿姆斯特丹,attractions,culture,安妮之家,
阿姆斯特丹,attractions,nature,阿姆斯特丹森林公园,
阿姆斯特丹,attractions,nature,凯肯霍夫郁金香园（春季）,
阿姆斯特丹,attractions,nature,运河游船,
阿姆斯特丹,attractions,nature,芳登德尔公园（Vondelpark）,
阿姆斯特丹,attractions,food,Albert Cuyp 市集,
阿姆斯特丹,attractions,food,Noordermarkt 有机市场,
阿姆斯特丹,attractions,food,运河边露天咖啡馆,
阿姆斯特丹,attractions,food,Pijp 街区美食,
阿姆斯特丹,attractions,shopping,P.C. Hooftstraat 奢侈品街,
阿姆斯特丹,attractions,shopping,Nine Streets（九条街）精品小店,
阿姆斯特丹,attractions,shopping,Waterlooplein 跳蚤市场,
阿姆斯特丹,attractions,shopping,Kalverstraat 步行购物街,
阿姆斯特丹,attractions,history,约旦区（Jordaan）历史街区,
阿姆斯特丹,attractions,history,安妮·弗兰克之家,
阿姆斯特丹,attractions,history,西教堂（Westerkerk）,
阿姆斯特丹,attractions,history,阿姆斯特丹皇宫,
阿姆斯特丹,attractions,nightlife,莱茵广场（Leidseplein）酒吧区,
阿姆斯特丹,attractions,nightlife,伦勃朗广场（Rembrandtplein）夜场,
阿姆斯特丹,attractions,nightlife,爵士咖啡馆Bimhuis,
阿姆斯特丹,transport,transport,自行车是最地道的出行方式，GVB 公交/地铁/有轨电车均可用 OV 卡,
阿姆斯特丹,tips,tip,梵高博物馆和国立博物馆务必提前网上购票,
阿姆斯特丹,tips,tip,租自行车游览运河区是必体验项目,
维也纳,daily_budget,低,450,
维也纳,daily_budget,中,1000,
维也纳,daily_budget,高,3000,
维也纳,restaurants,低,Würstelstand 香肠摊,
维也纳,restaurants,低,咖啡馆套餐（含维也纳咖啡）,
维也纳,restaurants,低,Beisl 小酒馆午市,
维也纳,restaurants,中,维也纳炸猪排（Wiener Schnitzel）餐厅,
维也纳,restaurants,中,Meixner's Gastwirtschaft,
维也纳,restaurants,中,传统维也纳菜馆,
维也纳,restaurants,高,Steirereck im Stadtpark 米其林二星,
维也纳,restaurants,高,维也纳国家歌剧院附近高级餐厅,
维也纳,restaurants,高,Konstantin Filippou,
维也纳,attractions,culture,艺术史博物馆（KHM）,
维也纳,attractions,culture,维也纳国家歌剧院,
维也纳,attractions,culture,阿尔贝蒂娜博物馆,
维也纳,attractions,culture,利奥波德博物馆（席勒/克里姆特）,
维也纳,attractions,nature,维也纳森林徒步,
维也纳,attractions,nature,普拉特公园（Prater）,
维也纳,attractions,nature,多瑙河岛,
维也纳,attractions,nature,美泉宫花园,
维也纳,attractions,food,纳市场（Naschmarkt）,
维也纳,attractions,food,维也纳咖啡馆文化（中央咖啡馆）,
维也纳,attractions,food,Brunnenmarkt 市集,
维也纳,attractions,food,第七区美食街,
维也纳,attractions,shopping,格拉本大街（Graben）,
维也纳,attractions,shopping,玛丽亚希尔弗大街（Mariahilfer Str.）,
维也纳,attractions,shopping,科尔马克特珠宝街,
维也纳,attractions,shopping,多摩亚纳百货,
维也纳,attractions,history,美泉宫（Schönbrunn）,
维也纳,attractions,history,霍夫堡皇宫,
维也纳,attractions,history,圣史蒂芬大教堂,
维也纳,attractions,history,维也纳墓地（中央公墓）,
维也纳,attractions,nightlife,第七区酒吧街（Spittelberg）,
维也纳,attractions,nightlife,维也纳音乐会（金色大厅附近）,
维也纳,attractions,nightlife,多瑙河畔夏季露天派对,
维也纳,transport,transport,地铁（U-Bahn）+有轨电车+公交，维也纳城市卡（Vienna City Card）含无限次乘车,
维也纳,tips,tip,音乐会/歌剧院当晚站票很便宜，提前1小时排队可购,
维也纳,tips,tip,维也纳博物馆月票性价比高,
布拉格,daily_budget,低,250,
布拉格,daily_budget,中,600,
布拉格,daily_budget,高,1800,
布拉格,restaurants,低,Trdelník 糖筒街头,
布拉格,restaurants,低,捷克猪肘套餐,
布拉格,restaurants,低,超市熟食,
布拉格,restaurants,中,Lokál 捷克传统餐厅,
布拉格,restaurants,中,La Degustation 波西米亚料理,
布拉格,restaurants,中,Café Savoy 维也纳式咖啡馆,
布拉格,restaurants,高,Field 米其林一星,
布拉格,restaurants,高,Alcron 高级餐厅,
布拉格,restaurants,高,Čestr 高档牛肉料理,
布拉格,attractions,culture,国家剧院,
布拉格,attractions,culture,布拉格国家博物馆,
布拉格,attractions,culture,穆夏博物馆（新艺术风格）,
布拉格,attractions,culture,DOX当代艺术中心,
布拉格,attractions,nature,迪文公园（Divoká Šárka）,
布拉格,attractions,nature,维谢赫拉德公园,
布拉格,attractions,nature,布拉格动物园,
布拉格,attractions,nature,波西米亚喀斯特自然保护区（近郊）,
布拉格,attractions,food,共和国广场农贸市场,
布拉格,attractions,food,布拉格中央市场（Manifesto Market）,
布拉格,attractions,food,老城广场街头小吃,
布拉格,attractions,food,Lokál 捷克传统菜馆,
布拉格,attractions,shopping,帕拉迪乌姆购物中心,
布拉格,attractions,shopping,帕利斯购物中心,
布拉格,attractions,shopping,老城区纪念品街,
布拉格,attractions,shopping,Dlouhá 街精品店,
布拉格,attractions,history,布拉格城堡,
布拉格,attractions,history,查理大桥,
布拉格,attractions,history,老城广场天文钟,
布拉格,attractions,history,犹太区（Josefov）,
布拉格,attractions,nightlife,瓦茨拉夫广场酒吧街,
布拉格,attractions,nightlife,克罗斯俱乐部（Klub Cross）,
布拉格,attractions,nightlife,老城区地下酒吧,
布拉格,transport,transport,地铁A/B/C线+有轨电车，24小时通票划算,
布拉格,tips,tip,布拉格城堡区面积庞大，建议安排半天游览,
布拉格,tips,tip,捷克啤酒（Pilsner Urquell/Kozel）比矿泉水便宜,
普吉岛,daily_budget,低,180,
普吉岛,daily_budget,中,450,
普吉岛,daily_budget,高,1600,
普吉岛,restaurants,低,路边摊炒河粉,
普吉岛,restaurants,低,当地粥店,
普吉岛,restaurants,低,7-11便利店,
普吉岛,restaurants,中,海鲜餐厅（卡隆码头）,
普吉岛,restaurants,中,老城Kopitiam咖啡馆,
普吉岛,restaurants,中,泰式火锅,
普吉岛,restaurants,高,Suay Restaurant 创意泰菜,
普吉岛,restaurants,高,Mom Tri's Kitchen 悬崖餐厅,
普吉岛,restaurants,高,Acqua 意大利海景餐厅,
普吉岛,attractions,culture,普吉老城葡萄牙式骑楼建筑,
普吉岛,attractions,culture,查龙寺（Wat Chalong）,
普吉岛,attractions,culture,大佛（Big Buddha）,
普吉岛,attractions,culture,普吉艺术村,
普吉岛,attractions,nature,攀牙湾皮划艇（James Bond Island）,
普吉岛,attractions,nature,珊瑚岛浮潜,
普吉岛,attractions,nature,甲米四岛一日游,
普吉岛,attractions,nature,西蒙山观景台日落,
普吉岛,attractions,food,芭东夜市,
普吉岛,attractions,food,普吉老城周末夜市,
普吉岛,attractions,food,卡伦海鲜码头,
普吉岛,attractions,food,Bang Rong 码头海鲜餐厅,
普吉岛,attractions,shopping,Jung Ceylon 购物中心（芭东）,
普吉岛,attractions,shopping,普吉老城精品纪念品店,
普吉岛,attractions,shopping,周末市场手工艺品,
普吉岛,attractions,shopping,中央节日广场,
普吉岛,attractions,history,普吉老城（Sino-Portuguese建筑群）,
普吉岛,attractions,history,泰华博物馆,
普吉岛,attractions,history,辛哈克林纪念碑,
普吉岛,attractions,nightlife,芭东海滩Bangla Road夜生活街,
普吉岛,attractions,nightlife,卡隆海滩酒吧,
普吉岛,attractions,nightlife,苏林海滩露天酒吧,
普吉岛,transport,transport,出租车/摩托车出租/Grab 打车为主，岛内无公共交通,
普吉岛,tips,tip,雨季（5-10月）价格便宜但海况不佳，旱季（11-4月）最适合出游,
普吉岛,tips,tip,Grab 比路边出租车便宜一半以上,
马尔代夫,daily_budget,低,600,
马尔代夫,daily_budget,中,1800,
马尔代夫,daily_budget,高,6000,
马尔代夫,restaurants,低,Maafushi本地岛街头餐厅,
马尔代夫,restaurants,低,当地人经营咖啡馆（hedhika小吃）,
马尔代夫,restaurants,低,鱼市附近平价餐馆,
马尔代夫,restaurants,中,客栈（guesthouse）含早晚餐,
马尔代夫,restaurants,中,当地风味海鲜餐厅,
马尔代夫,restaurants,中,Maafushi Street Food,
马尔代夫,restaurants,高,水下餐厅Ithaa（Conrad Hilton）,
马尔代夫,restaurants,高,四季度假村沙滩烛光晚餐,
马尔代夫,restaurants,高,One&Only Reethi Rah高级料理,
马尔代夫,attractions,culture,马累国家博物馆,
马尔代夫,attractions,culture,马累大清真寺（Islamic Centre）,
马尔代夫,attractions,culture,马累鱼市场,
马尔代夫,attractions,culture,当地渔村文化体验（Maafushi岛）,
马尔代夫,attractions,nature,珊瑚礁浮潜（North Male Atoll）,
马尔代夫,attractions,nature,鲨鱼湾浮潜（Rasdhoo Atoll）,
马尔代夫,attractions,nature,水下餐厅体验（Ithaa）,
马尔代夫,attractions,nature,海豚湾观豚游船,
马尔代夫,attractions,food,马累当地鱼市烤金枪鱼,
马尔代夫,attractions,food,Maafushi岛街头小吃,
马尔代夫,attractions,food,度假村海滩BBQ,
马尔代夫,attractions,food,水上餐厅,
马尔代夫,attractions,shopping,马累本岛纪念品街,
马尔代夫,attractions,shopping,Chandhani Magu 商业街,
马尔代夫,attractions,shopping,度假村精品店,
马尔代夫,attractions,shopping,潜水装备店,
马尔代夫,attractions,history,Hukuru Miskiy古清真寺（17世纪）,
马尔代夫,attractions,history,马累国家博物馆（苏丹王朝文物）,
马尔代夫,attractions,history,乌泰姆古宅,
马尔代夫,attractions,nightlife,度假岛沙滩星空鸡尾酒会,
马尔代夫,attractions,nightlife,水上屋日落观赏,
马尔代夫,attractions,nightlife,生物发光浮游生物夜游,
马尔代夫,transport,transport,水上飞机/快艇在各岛间穿梭，马累市内步行即可,
马尔代夫,tips,tip,本地岛（guesthouse）比度假村便宜80%，性价比极高,
马尔代夫,tips,tip,务必提前预订水上飞机，旺季一票难求,
伊斯坦布尔,daily_budget,低,220,
伊斯坦布尔,daily_budget,中,550,
伊斯坦布尔,daily_budget,高,1800,
伊斯坦布尔,restaurants,低,Simit（芝麻圆面包）街头摊,
伊斯坦布尔,restaurants,低,Döner卷饼,
伊斯坦布尔,restaurants,低,当地börek馅饼店,
伊斯坦布尔,restaurants,中,Karaköy传统土耳其菜馆,
伊斯坦布尔,restaurants,中,卡德柯伊海鲜餐厅,
伊斯坦布尔,restaurants,中,Balıkçı Sabahattin烤鱼,
伊斯坦布尔,restaurants,高,Mikla 屋顶全景餐厅（米其林推荐）,
伊斯坦布尔,restaurants,高,Sunset Grill & Bar博斯普鲁斯景观,
伊斯坦布尔,restaurants,高,Neolokal 现代土耳其料理,
伊斯坦布尔,attractions,culture,伊斯坦布尔现代艺术博物馆,
伊斯坦布尔,attractions,culture,佩拉博物馆,
伊斯坦布尔,attractions,culture,土耳其伊斯兰艺术博物馆,
伊斯坦布尔,attractions,culture,卡里耶博物馆（科拉教堂）,
伊斯坦布尔,attractions,nature,博斯普鲁斯海峡游船,
伊斯坦布尔,attractions,nature,王子群岛一日游,
伊斯坦布尔,attractions,nature,贝尔格莱德森林徒步,
伊斯坦布尔,attractions,nature,Emirgan公园郁金香节（春季）,
伊斯坦布尔,attractions,food,卡帕利市集香料区,
伊斯坦布尔,attractions,food,贝西克塔斯鱼市,
伊斯坦布尔,attractions,food,卡德柯伊美食市场,
伊斯坦布尔,attractions,food,Karaköy码头烤鱼三明治,
伊斯坦布尔,attractions,shopping,大巴扎（Kapalıçarşı）,
伊斯坦布尔,attractions,shopping,埃及香料市集（Mısır Çarşısı）,
伊斯坦布尔,attractions,shopping,尼尚塔什精品区,
伊斯坦布尔,attractions,shopping,Kanyon购物中心,
伊斯坦布尔,attractions,history,圣索菲亚大教堂,
伊斯坦布尔,attractions,history,蓝色清真寺,
伊斯坦布尔,attractions,history,托普卡珀皇宫,
伊斯坦布尔,attractions,history,地下宫殿（Basilica Cistern）,
伊斯坦布尔,attractions,nightlife,贝伊奥卢İstiklal大道酒吧街,
伊斯坦布尔,attractions,nightlife,Karaköy精酿酒吧区,
伊斯坦布尔,attractions,nightlife,博斯普鲁斯海峡夜游船,
伊斯坦布尔,transport,transport,Istanbulkart 交通卡通用地铁/电车/公交/渡轮，跨洲渡轮是特色体验,
伊斯坦布尔,tips,tip,圣索菲亚目前为清真寺，进入需脱鞋并着装保守,
伊斯坦布尔,tips,tip,博斯普鲁斯渡轮是最便宜的跨洲方式，风景极佳,
广州,daily_budget,低,200,
广州,daily_budget,中,500,
广州,daily_budget,高,1500,
广州,restaurants,低,街头肠粉摊,
广州,restaurants,低,云吞面小馆,
广州,restaurants,低,大排档夜宵,
广州,restaurants,中,陶陶居早茶,
广州,restaurants,中,莲香楼,
广州,restaurants,中,深井烧鹅,
广州,restaurants,高,广州酒家,
广州,restaurants,高,泮溪酒家,
广州,restaurants,高,富临饭店,
广州,attractions,culture,陈家祠,
广州,attractions,culture,广州博物馆（镇海楼）,
广州,attractions,culture,南越王博物院,
广州,attractions,culture,广州大剧院,
广州,attractions,nature,越秀公园,
广州,attractions,nature,白云山,
广州,attractions,nature,珠江夜游,
广州,attractions,nature,海珠湿地公园,
广州,attractions,food,上下九步行街,
广州,attractions,food,北京路美食街,
广州,attractions,food,广州酒家,
广州,attractions,food,莲香楼早茶,
广州,attractions,shopping,天河城,
广州,attractions,shopping,正佳广场,
广州,attractions,shopping,太古汇,
广州,attractions,shopping,北京路步行街,
广州,attractions,history,陈家祠,
广州,attractions,history,南越王博物院,
广州,attractions,history,沙面岛租界历史建筑,
广州,attractions,history,黄埔军校旧址,
广州,attractions,nightlife,珠江新城夜生活,
广州,attractions,nightlife,珠江夜游,
广州,attractions,nightlife,琶醍啤酒文化创意艺术区,
广州,transport,transport,地铁14条线路全覆盖，推荐岭南通交通卡或扫码乘车，高铁枢纽广州南站连接全国,
广州,tips,tip,广式早茶文化体验不可错过，建议9:00-11:00前往老字号茶楼,
广州,tips,tip,上下九和北京路夜市人多注意随身财物,
里斯本,daily_budget,低,300,
里斯本,daily_budget,中,750,
里斯本,daily_budget,高,2200,
里斯本,restaurants,低,Pastel de nata 蛋塔咖啡馆,
里斯本,restaurants,低,Tasca平价葡式小馆,
里斯本,restaurants,低,超市Pingo Doce熟食区,
里斯本,restaurants,中,Time Out Market 多元美食,
里斯本,restaurants,中,阿尔法马烤沙丁鱼餐厅,
里斯本,restaurants,中,Zé da Mouraria葡式传统菜,
里斯本,restaurants,高,Belcanto 米其林二星（José Avillez）,
里斯本,restaurants,高,Alma 高级葡式创意料理,
里斯本,restaurants,高,Sea Me 高档海鲜餐厅,
里斯本,attractions,culture,古尔本基安博物馆（Gulbenkian）,
里斯本,attractions,culture,里斯本当代艺术博物馆（MOCA）,
里斯本,attractions,culture,法多音乐博物馆,
里斯本,attractions,culture,阿祖莱霍瓷砖博物馆（Museu do Azulejo）,
里斯本,attractions,nature,辛特拉山宫（Sintra宫殿群）,
里斯本,attractions,nature,卡斯凯什海滨（Cascais）,
里斯本,attractions,nature,阿里茹达自然公园,
里斯本,attractions,nature,蒙桑图城市森林公园,
里斯本,attractions,food,时代市场（Mercado da Ribeira/Time Out Market）,
里斯本,attractions,food,阿尔法马区烤沙丁鱼摊,
里斯本,attractions,food,Campo de Ourique菜市场,
里斯本,attractions,food,贝伦区蛋塔店（Pastéis de Belém）,
里斯本,attractions,shopping,希亚多区精品街（Rua Garrett）,
里斯本,attractions,shopping,阿尔法马跳蚤市场（Feira da Ladra）,
里斯本,attractions,shopping,Baixa商业区,
里斯本,attractions,shopping,LX Factory创意市集,
里斯本,attractions,history,热罗尼莫斯修道院（贝伦区）,
里斯本,attractions,history,贝伦塔,
里斯本,attractions,history,圣乔治城堡（Castelo de São Jorge）,
里斯本,attractions,history,阿尔法马老城区,
里斯本,attractions,nightlife,巴侯区（Bairro Alto）酒吧街,
里斯本,attractions,nightlife,Cais do Sodré粉红街（Pink Street）,
里斯本,attractions,nightlife,法多表演（Alfama区）,
里斯本,transport,transport,电车28号线是标志性游览方式，地铁+公交覆盖全市，Viva Viagem 卡通用,
里斯本,tips,tip,贝伦蛋塔原创店（Pastéis de Belém）排队值得等待,
里斯本,tips,tip,里斯本7座山丘城市，穿着舒适鞋子至关重要,
大阪,daily_budget,低,400,
大阪,daily_budget,中,900,
大阪,daily_budget,高,2800,
大阪,restaurants,低,章鱼烧（Wanaka道顿堀）,
大阪,restaurants,低,金龙拉面24小时,
大阪,restaurants,低,551蓬莱猪肉包,
大阪,restaurants,中,鶴橋風月大阪烧,
大阪,restaurants,中,串炸Daruma（新世界）,
大阪,restaurants,中,回转寿司海鲜丸,
大阪,restaurants,高,黑门市场金枪鱼/海胆丼,
大阪,restaurants,高,梅田高层餐厅景观怀石,
大阪,restaurants,高,Conrad大阪顶层餐厅,
大阪,attractions,culture,大阪城公园,
大阪,attractions,culture,海游馆（鲸鲨水族馆）,
大阪,attractions,culture,环球影城（USJ）,
大阪,attractions,culture,国立民族学博物馆,
大阪,attractions,nature,万博纪念公园,
大阪,attractions,nature,天保山海滨,
大阪,attractions,nature,长居植物园,
大阪,attractions,nature,住吉大社,
大阪,attractions,food,道顿堀美食街,
大阪,attractions,food,黑门市场（海鲜直采）,
大阪,attractions,food,心斋桥筋商店街,
大阪,attractions,food,新世界串炸一带,
大阪,attractions,shopping,心斋桥筋,
大阪,attractions,shopping,美国村（Amerika Mura）,
大阪,attractions,shopping,梅田地下街,
大阪,attractions,shopping,难波City,
大阪,attractions,history,大阪城天守阁,
大阪,attractions,history,住吉大社,
大阪,attractions,history,四天王寺（日本最古老寺院之一）,
大阪,attractions,history,适塾（史迹）,
大阪,attractions,nightlife,道顿堀格力高看板夜景,
大阪,attractions,nightlife,北新地酒吧街,
大阪,attractions,nightlife,南船场酒吧区,
大阪,attractions,nightlife,难波夜生活,
大阪,transport,transport,大阪Metro御堂筋线贯通南北，JR环状线连通主要景点，推荐ICOCA卡或大阪周游卡,
大阪,tips,tip,道顿堀格力高看板傍晚6-7点光线最佳，是必拍打卡地,
大阪,tips,tip,USJ任天堂世界须提前官网抢预约券，限量入场,
京都,daily_budget,低,350,
京都,daily_budget,中,850,
京都,daily_budget,高,2600,
京都,restaurants,低,锦市场章鱼蛋/玉子烧,
京都,restaurants,低,出町ふたば豆饼（¥210）,
京都,restaurants,低,拉面小路（京都站）,
京都,restaurants,中,南禅寺奥丹汤豆腐（400年老店）,
京都,restaurants,中,祇园咖啡馆套餐,
京都,restaurants,中,中村藤吉抹茶套餐,
京都,restaurants,高,祇园 さゝ木 懐石料理（需预约）,
京都,restaurants,高,菊乃井（米其林）,
京都,restaurants,高,俵屋旅馆会席料理,
京都,attractions,culture,伏见稻荷大社（千本鸟居）,
京都,attractions,culture,金阁寺,
京都,attractions,culture,清水寺舞台,
京都,attractions,culture,岚山竹林小径,
京都,attractions,nature,哲学之道（春樱秋叶）,
京都,attractions,nature,嵐山渡月桥,
京都,attractions,nature,贵船神社,
京都,attractions,nature,大原三千院,
京都,attractions,food,锦市场（京都厨房）,
京都,attractions,food,南禅寺附近汤豆腐,
京都,attractions,food,祇园周边抹茶甜品店,
京都,attractions,food,出町柳豆饼,
京都,attractions,shopping,祇园花见小路周边,
京都,attractions,shopping,清水坂参道,
京都,attractions,shopping,新京极商店街,
京都,attractions,shopping,锦市场,
京都,attractions,history,二条城（莺声地板）,
京都,attractions,history,龙安寺枯山水石庭,
京都,attractions,history,银阁寺,
京都,attractions,history,下鸭神社,
京都,attractions,nightlife,祇园白川南通傍晚散步,
京都,attractions,nightlife,先斗町小酒馆,
京都,attractions,nightlife,高台寺夜间特别参观（秋）,
京都,transport,transport,市巴士一日券¥700可无限次乘坐，206路连通清水寺/祇园/金阁寺；嵐電复古电车直达岚山,
京都,tips,tip,清晨7:00-9:00游览伏见稻荷、嵐山竹林，人少且光线最美,
京都,tips,tip,祇园花见小路禁止私人小巷拍摄，请尊重舞妓文化,
巴厘岛,daily_budget,低,200,
巴厘岛,daily_budget,中,600,
巴厘岛,daily_budget,高,2000,
巴厘岛,restaurants,低,Warung印尼炒饭（Nasi Goreng）,
巴厘岛,restaurants,低,Babi Guling（烤乳猪）小馆,
巴厘岛,restaurants,低,沙嗲街头摊位,
巴厘岛,restaurants,中,乌布夜市现炒海鲜,
巴厘岛,restaurants,中,金巴兰海滩烧烤套餐,
巴厘岛,restaurants,中,Locavore有机餐厅（乌布）,
巴厘岛,restaurants,高,Mozaic 米其林（乌布）,
巴厘岛,restaurants,高,Rock Bar（悬崖酒吧）晚餐,
巴厘岛,restaurants,高,努沙杜阿五星酒店餐厅,
巴厘岛,attractions,culture,乌布猴子森林,
巴厘岛,attractions,culture,皮雅庙（Pura Tirta Empul圣水庙）,
巴厘岛,attractions,culture,乌布皇宫,
巴厘岛,attractions,culture,巴厘岛艺术中心,
巴厘岛,attractions,nature,金巴兰日落海滩,
巴厘岛,attractions,nature,梯田（德哥拉朗梯田）,
巴厘岛,attractions,nature,布拉坦湖（湖上神庙）,
巴厘岛,attractions,nature,情人崖（Uluwatu）,
巴厘岛,attractions,food,乌布夜市,
巴厘岛,attractions,food,金巴兰海鲜烧烤滩,
巴厘岛,attractions,food,努沙杜阿高档餐厅区,
巴厘岛,attractions,food,Warung本地小馆,
巴厘岛,attractions,shopping,乌布艺术市场,
巴厘岛,attractions,shopping,水明漾精品街（Seminyak）,
巴厘岛,attractions,shopping,Deus神庙潮流概念店,
巴厘岛,attractions,shopping,Kuta海滩周边纪念品街,
巴厘岛,attractions,history,情人崖海神庙（Pura Luhur Uluwatu）,
巴厘岛,attractions,history,贝萨基母庙（巴厘岛最神圣庙宇）,
巴厘岛,attractions,history,塔那罗特庙（海上神庙）,
巴厘岛,attractions,nightlife,库塔/水明漾酒吧街,
巴厘岛,attractions,nightlife,Sky Garden夜店（库塔）,
巴厘岛,attractions,nightlife,情人崖Kecak火舞（日落表演）,
巴厘岛,transport,transport,租摩托车（约¥50/天）或包车（约¥200/天）是主要出行方式，南部景区可用Grab打车,
巴厘岛,tips,tip,进入庙宇须穿纱笼（可现场租借），尊重宗教习俗,
巴厘岛,tips,tip,旱季（5-9月）海况最佳，适合冲浪和浮潜；雨季（11-3月）价格低30%,
开罗,daily_budget,低,150,
开罗,daily_budget,中,450,
开罗,daily_budget,高,1600,
开罗,restaurants,低,街头库沙里（Koshary）,
开罗,restaurants,低,Hawawshi肉饼摊,
开罗,restaurants,低,哈利利市场茶馆,
开罗,restaurants,中,Abou El Sid传统埃及菜,
开罗,restaurants,中,Naguib Mahfouz咖啡馆,
开罗,restaurants,中,尼罗河畔烤鱼馆,
开罗,restaurants,高,Sequoia尼罗河景观餐厅,
开罗,restaurants,高,Four Seasons Nile Plaza顶层餐厅,
开罗,restaurants,高,Tamarai屋顶酒吧,
开罗,attractions,culture,开罗伊斯兰历史区（联合国教科文组织遗址）,
开罗,attractions,culture,科普特开罗（科普特博物馆/悬挂教堂）,
开罗,attractions,culture,艾资哈尔清真寺,
开罗,attractions,culture,萨拉丁城堡,
开罗,attractions,nature,尼罗河游船日落,
开罗,attractions,nature,法尤姆绿洲（骆驼沙漠体验）,
开罗,attractions,nature,西奈红海海岸（日间游）,
开罗,attractions,food,哈利利市场（Khan el-Khalili）街头小吃,
开罗,attractions,food,老城区拱廊餐厅,
开罗,attractions,food,开罗街头库沙里（Koshari）,
开罗,attractions,food,尼罗河畔河鱼料理,
开罗,attractions,shopping,哈利利市场（香料/手工艺品）,
开罗,attractions,shopping,马尔科亚购物中心,
开罗,attractions,shopping,伊斯兰集市（纸莎草画/铜器）,
开罗,attractions,shopping,Zamalek精品街,
开罗,attractions,history,吉萨大金字塔与狮身人面像,
开罗,attractions,history,埃及博物馆（图坦卡蒙黄金面具）,
开罗,attractions,history,孟菲斯露天博物馆（萨卡拉阶梯金字塔）,
开罗,attractions,history,路克索神庙（日游）,
开罗,attractions,nightlife,尼罗河游艇夜宴,
开罗,attractions,nightlife,Zamalek区酒吧与爵士,
开罗,attractions,nightlife,老城区咖啡馆水烟文化（Shisha）,
开罗,transport,transport,打车（Uber/Careem）是最便捷方式，地铁覆盖市中心三条线，景区间建议包车,
开罗,tips,tip,吉萨金字塔建议清晨7:00-9:00前往，避开热浪与人潮,
开罗,tips,tip,博物馆内严禁拍摄，如需摄影需额外购票,
哥本哈根,daily_budget,低,600,
哥本哈根,daily_budget,中,1400,
哥本哈根,daily_budget,高,4200,
哥本哈根,restaurants,低,Torvehallerne市场小吃,
哥本哈根,restaurants,低,Smørrebrød开放式三明治外卖,
哥本哈根,restaurants,低,连锁烘焙连锁店,
哥本哈根,restaurants,中,传统斯堪的纳维亚餐厅,
哥本哈根,restaurants,中,纽哈温河边中价海鲜馆,
哥本哈根,restaurants,中,植物性北欧料理（Ark）,
哥本哈根,restaurants,高,Noma（全球最佳餐厅之一，需提前数月预订）,
哥本哈根,restaurants,高,Kadeau北欧新料理,
哥本哈根,restaurants,高,AOC 米其林二星,
哥本哈根,attractions,culture,国家博物馆（丹麦历史）,
哥本哈根,attractions,culture,路易斯安纳现代艺术博物馆,
哥本哈根,attractions,culture,腓特烈堡城堡,
哥本哈根,attractions,culture,嘉士伯啤酒博物馆,
哥本哈根,attractions,nature,丹麦海岸线自行车道,
哥本哈根,attractions,nature,克伦堡城堡（哈姆雷特城堡）,
哥本哈根,attractions,nature,腓特烈松花园,
哥本哈根,attractions,nature,海峡浴场（夏季户外游泳）,
哥本哈根,attractions,food,纽哈温运河餐厅区（Nyhavn）,
哥本哈根,attractions,food,托维霍尔斯哈伦美食市场（Torvehallerne）,
哥本哈根,attractions,food,北欧新料理餐厅聚集区,
哥本哈根,attractions,food,嘉士伯啤酒馆,
哥本哈根,attractions,shopping,斯特罗伊耶步行街（Strøget）,
哥本哈根,attractions,shopping,Illum百货,
哥本哈根,attractions,shopping,Designmuseum设计精品,
哥本哈根,attractions,shopping,蒂沃里公园纪念品,
哥本哈根,attractions,history,克里斯蒂安堡宫（议会/皇室）,
哥本哈根,attractions,history,罗森堡城堡（王冠珠宝）,
哥本哈根,attractions,history,小美人鱼雕像（Langelinie码头）,
哥本哈根,attractions,history,纽哈温彩色木屋（17世纪商船码头）,
哥本哈根,attractions,nightlife,纽哈温夜间酒吧街,
哥本哈根,attractions,nightlife,蒂沃里游乐园夜场,
哥本哈根,attractions,nightlife,Vesterbro区时髦酒吧,
哥本哈根,attractions,nightlife,爵士音乐现场（Copenhagen Jazz）,
哥本哈根,transport,transport,地铁（Metro）+公交（S-tog）覆盖全市，Rejsekort充值卡通用；哥本哈根自行车道世界一流，骑行是本地人最常用出行方式,
哥本哈根,tips,tip,自行车是本地首选交通工具，机场/各大景点均有 Donkey Republic 共享单车,
哥本哈根,tips,tip,小美人鱼雕像体型较小，建议工作日清晨前往拍照避免拥挤,
苏黎世,daily_budget,低,700,
苏黎世,daily_budget,中,1600,
苏黎世,daily_budget,高,4800,
苏黎世,restaurants,低,超市Coop/Migros外卖熟食,
苏黎世,restaurants,低,面包房午餐套餐,
苏黎世,restaurants,低,市场摊位Wurst香肠,
苏黎世,restaurants,中,Zürcher Geschnetzeltes（传统苏黎世炒小牛肉）正宗馆,
苏黎世,restaurants,中,旧城区法式小馆,
苏黎世,restaurants,中,湖边Strandbar简餐,
苏黎世,restaurants,高,Kronenhalle（百年老店，毕加索/马蒂斯真迹装饰）,
苏黎世,restaurants,高,The Restaurant（四季酒店，米其林）,
苏黎世,restaurants,高,Pavillon Baur au Lac湖边高级餐厅,
苏黎世,attractions,culture,苏黎世美术馆（Kunsthaus Zürich）,
苏黎世,attractions,culture,瑞士国家博物馆（Landesmuseum）,
苏黎世,attractions,culture,苏黎世歌剧院,
苏黎世,attractions,culture,设计博物馆（Museum für Gestaltung）,
苏黎世,attractions,nature,苏黎世湖游船,
苏黎世,attractions,nature,乌特里贝格山（Uetliberg，城市全景）,
苏黎世,attractions,nature,莱茵瀑布（日间游，欧洲最大瀑布）,
苏黎世,attractions,nature,格拉鲁斯阿尔卑斯山徒步,
苏黎世,attractions,food,班霍夫大街美食（Bahnhofstrasse）,
苏黎世,attractions,food,大市场（Markthalle）周六早市,
苏黎世,attractions,food,旧城区芥末黄油鱼（Zürcher Geschnetzeltes）正宗餐厅,
苏黎世,attractions,food,林登霍夫广场咖啡馆,
苏黎世,attractions,shopping,班霍夫大街（世界顶级购物街）,
苏黎世,attractions,shopping,旧城区独立精品店,
苏黎世,attractions,shopping,手表/巧克力/瑞士刀专卖店,
苏黎世,attractions,shopping,Jelmoli百货,
苏黎世,attractions,history,苏黎世旧城区（Altstadt）,
苏黎世,attractions,history,大教堂（Grossmünster）,
苏黎世,attractions,history,女修道院教堂（Fraumünster，夏加尔彩绘玻璃）,
苏黎世,attractions,history,Lindenhügel要塞遗址,
苏黎世,attractions,nightlife,旧城区Niederdorf夜生活街区,
苏黎世,attractions,nightlife,湖畔露天酒吧（Badi，夏季）,
苏黎世,attractions,nightlife,工业区Zürich-West创意酒吧,
苏黎世,attractions,nightlife,爵士音乐节（7月）,
苏黎世,transport,transport,ZVV公共交通系统整合地铁/电车/公交/游船，Tageskarte日票推荐；苏黎世卡含免费公交+博物馆,
苏黎世,tips,tip,瑞士联邦铁路（SBB）可直达日内瓦、因特拉肯、卢塞恩等城市，建议购买Swiss Travel Pass,
苏黎世,tips,tip,巧克力/瑞士刀/手表在机场免税店通常无法享有本地精品店的折扣,
